booking_id,pnr,traveler_id,company_id,airline,origin,destination,departure_date,return_date,currency,transaction_type,base_fare,taxes,booking_total,status
BKG001,ABC123,EMP101,ACME001,Example Airlines,SFO,JFK,2026-09-15,2026-09-18,USD,NEW,420,56.1,476.1,TICKETED
BKG002,TAX123,EMP102,ACME001,Example Airlines,SFO,LAX,2026-09-16,2026-09-18,USD,NEW,420,56.1,476.1,TICKETED
BKG003,EXC123,EMP103,ACME002,Example Airlines,SFO,JFK,2026-09-10,2026-09-14,USD,EXCHANGE,420,56.1,476.1,EXCHANGED
BKG004,EXV123,EMP104,ACME002,Example Airlines,SFO,JFK,2026-09-11,2026-09-15,USD,EXCHANGE,420,56.1,476.1,EXCHANGED
BKG005,REF123,EMP105,ACME003,Example Airlines,SFO,ORD,2026-09-12,2026-09-15,USD,REFUND,420,56.1,476.1,REFUNDED
BKG006,PRF123,EMP106,ACME003,Example Airlines,SFO,SEA,2026-09-13,2026-09-16,USD,REFUND,420,56.1,476.1,PARTIALLY_REFUNDED
BKG007,VOI123,EMP107,ACME004,Example Airlines,SFO,DEN,2026-09-14,2026-09-17,USD,VOID,420,56.1,476.1,VOID
BKG008,DUP123,EMP108,ACME004,Example Airlines,SFO,BOS,2026-09-15,2026-09-19,USD,NEW,420,56.1,476.1,TICKETED
BKG009,ANC123,EMP109,ACME005,Example Airlines,SFO,MIA,2026-09-16,2026-09-20,USD,NEW,420,56.1,476.1,TICKETED
BKG010,FX123,EMP110,ACME005,Example Airlines,LHR,JFK,2026-09-17,2026-09-21,EUR,NEW,420,30.0,450.0,TICKETED
BKG011,MIS123,EMP111,ACME006,Example Airlines,SFO,ATL,2026-09-18,2026-09-22,USD,NEW,420,56.1,476.1,TICKETED
BKG012,CON123,EMP112,ACME006,Example Airlines,SFO,DFW,2026-09-19,2026-09-23,USD,NEW,420,56.1,476.1,TICKETED
