ticket_id,booking_id,line_type,code,description,amount
TKT001,BKG001,FARE,,Base Fare,420.0
TKT001,BKG001,TAX,US,US Transportation Tax,31.5
TKT001,BKG001,TAX,AY,Security Fee,5.6
TKT001,BKG001,TAX,ZP,Segment Tax,10.0
TKT001,BKG001,TAX,XF,Passenger Facility Charge,9.0
TKT002,BKG002,FARE,,Base Fare,420.0
TKT002,BKG002,TAX,US,US Transportation Tax,31.5
TKT002,BKG002,TAX,AY,Security Fee,5.6
TKT002,BKG002,TAX,ZP,Segment Tax,10.0
TKT002,BKG002,TAX,XF,Passenger Facility Charge,9.0
TKT003O,BKG003,FARE,,Base Fare,420.0
TKT003O,BKG003,TAX,US,US Transportation Tax,31.5
TKT003O,BKG003,TAX,AY,Security Fee,5.6
TKT003O,BKG003,TAX,ZP,Segment Tax,10.0
TKT003O,BKG003,TAX,XF,Passenger Facility Charge,9.0
TKT004O,BKG004,FARE,,Base Fare,420.0
TKT004O,BKG004,TAX,US,US Transportation Tax,31.5
TKT004O,BKG004,TAX,AY,Security Fee,5.6
TKT004O,BKG004,TAX,ZP,Segment Tax,10.0
TKT004O,BKG004,TAX,XF,Passenger Facility Charge,9.0
TKT005,BKG005,FARE,,Base Fare,420.0
TKT005,BKG005,TAX,US,US Transportation Tax,31.5
TKT005,BKG005,TAX,AY,Security Fee,5.6
TKT005,BKG005,TAX,ZP,Segment Tax,10.0
TKT005,BKG005,TAX,XF,Passenger Facility Charge,9.0
TKT006,BKG006,FARE,,Base Fare,420.0
TKT006,BKG006,TAX,US,US Transportation Tax,31.5
TKT006,BKG006,TAX,AY,Security Fee,5.6
TKT006,BKG006,TAX,ZP,Segment Tax,10.0
TKT006,BKG006,TAX,XF,Passenger Facility Charge,9.0
TKT007,BKG007,FARE,,Base Fare,420.0
TKT007,BKG007,TAX,US,US Transportation Tax,31.5
TKT007,BKG007,TAX,AY,Security Fee,5.6
TKT007,BKG007,TAX,ZP,Segment Tax,10.0
TKT007,BKG007,TAX,XF,Passenger Facility Charge,9.0
TKT008,BKG008,FARE,,Base Fare,420.0
TKT008,BKG008,TAX,US,US Transportation Tax,31.5
TKT008,BKG008,TAX,AY,Security Fee,5.6
TKT008,BKG008,TAX,ZP,Segment Tax,10.0
TKT008,BKG008,TAX,XF,Passenger Facility Charge,9.0
TKT009,BKG009,FARE,,Base Fare,420.0
TKT009,BKG009,TAX,US,US Transportation Tax,31.5
TKT009,BKG009,TAX,AY,Security Fee,5.6
TKT009,BKG009,TAX,ZP,Segment Tax,10.0
TKT009,BKG009,TAX,XF,Passenger Facility Charge,9.0
TKT011,BKG011,FARE,,Base Fare,420.0
TKT011,BKG011,TAX,US,US Transportation Tax,31.5
TKT011,BKG011,TAX,AY,Security Fee,5.6
TKT011,BKG011,TAX,ZP,Segment Tax,10.0
TKT011,BKG011,TAX,XF,Passenger Facility Charge,9.0
TKT012,BKG012,FARE,,Base Fare,420.0
TKT012,BKG012,TAX,US,US Transportation Tax,31.5
TKT012,BKG012,TAX,AY,Security Fee,5.6
TKT012,BKG012,TAX,ZP,Segment Tax,10.0
TKT012,BKG012,TAX,XF,Passenger Facility Charge,9.0
TKT003N,BKG003,FARE,,Base Fare,550.0
TKT003N,BKG003,TAX,US,US Transportation Tax,32.0
TKT003N,BKG003,TAX,AY,Security Fee,6.0
TKT003N,BKG003,TAX,ZP,Segment Tax,12.0
TKT003N,BKG003,TAX,XF,Passenger Facility Charge,12.0
TKT003N,BKG003,FEE,EXCH,Exchange Service Fee,75.0
TKT004N,BKG004,FARE,,Base Fare,550.0
TKT004N,BKG004,TAX,US,US Transportation Tax,32.0
TKT004N,BKG004,TAX,AY,Security Fee,6.0
TKT004N,BKG004,TAX,ZP,Segment Tax,12.0
TKT004N,BKG004,TAX,XF,Passenger Facility Charge,12.0
TKT004N,BKG004,FEE,EXCH,Exchange Service Fee,75.0
TKT010,BKG010,FARE,,Base Fare,420.0
TKT010,BKG010,TAX,US,US Transportation Tax,15.0
TKT010,BKG010,TAX,AY,Security Fee,5.0
TKT010,BKG010,TAX,ZP,Segment Tax,5.0
TKT010,BKG010,TAX,XF,Passenger Facility Charge,5.0
TKT002,BKG002,TAX,XT,Additional Tax Adjustment,5.0
TKT009,BKG009,ANCILLARY,SEAT,Preferred Seat,35.0
TKT009,BKG009,ANCILLARY,BAG,Checked Bag,40.0
