settlement_id,ticket_id,booking_id,amount,currency,status
SET001,TKT001,BKG001,476.1,USD,SETTLED
SET002,TKT002,BKG002,481.1,USD,SETTLED
SET003,TKT003N,BKG003,210.9,USD,SETTLED
SET004,TKT004N,BKG004,235.9,USD,SETTLED
SET005,TKT005,BKG005,0.0,USD,REFUNDED
SET006,TKT006,BKG006,296.1,USD,SETTLED
SET006R,TKT006,BKG006,-180.0,USD,REFUND
SET007,TKT007,BKG007,476.1,USD,SETTLED
SET008A,TKT008,BKG008,476.1,USD,SETTLED
SET008B,TKT008,BKG008,476.1,USD,SETTLED
SET009,TKT009,BKG009,551.1,USD,SETTLED
SET010,TKT010,BKG010,489.15,USD,SETTLED
SET012,TKT012,BKG012,476.1,USD,SETTLED
