ticket_id,booking_id,ticket_number,ticket_type,ticket_status,base_fare,tax_amount,ticket_total,currency
TKT001,BKG001,016-1000000001,NEW,ISSUED,420,56.1,476.1,USD
TKT002,BKG002,016-1000000002,NEW,ISSUED,420,56.1,476.1,USD
TKT003O,BKG003,016-1000000003,NEW,EXCHANGED,420,56.1,476.1,USD
TKT003N,BKG003,016-1000000004,EXCHANGE,ISSUED,550,62.0,687.0,USD
TKT004O,BKG004,016-1000000005,NEW,EXCHANGED,420,56.1,476.1,USD
TKT004N,BKG004,016-1000000006,EXCHANGE,ISSUED,550,62.0,687.0,USD
TKT005,BKG005,016-1000000007,NEW,REFUNDED,420,56.1,476.1,USD
TKT006,BKG006,016-1000000008,NEW,PARTIALLY_REFUNDED,420,56.1,476.1,USD
TKT007,BKG007,016-1000000009,NEW,VOID,420,56.1,476.1,USD
TKT008,BKG008,016-1000000010,NEW,ISSUED,420,56.1,476.1,USD
TKT009,BKG009,016-1000000011,NEW,ISSUED,420,56.1,476.1,USD
TKT010,BKG010,016-1000000012,NEW,ISSUED,420,30.0,450.0,EUR
TKT011,BKG011,016-1000000013,NEW,ISSUED,420,56.1,476.1,USD
TKT012,BKG012,016-1000000014,NEW,ISSUED,420,56.1,476.1,USD
