invoice_id,ticket_id,booking_id,line_type,code,description,amount,currency
INV001,TKT001,BKG001,FARE,,Base Fare,420.0,USD
INV001,TKT001,BKG001,TAX,US,Transportation Tax,31.5,USD
INV001,TKT001,BKG001,TAX,AY,Security Fee,5.6,USD
INV001,TKT001,BKG001,TAX,ZP,Segment Tax,10.0,USD
INV001,TKT001,BKG001,TAX,XF,Passenger Facility Charge,9.0,USD
INV005,TKT005,BKG005,FARE,,Base Fare,420.0,USD
INV005,TKT005,BKG005,TAX,US,Transportation Tax,31.5,USD
INV005,TKT005,BKG005,TAX,AY,Security Fee,5.6,USD
INV005,TKT005,BKG005,TAX,ZP,Segment Tax,10.0,USD
INV005,TKT005,BKG005,TAX,XF,Passenger Facility Charge,9.0,USD
INV006,TKT006,BKG006,FARE,,Base Fare,420.0,USD
INV006,TKT006,BKG006,TAX,US,Transportation Tax,31.5,USD
INV006,TKT006,BKG006,TAX,AY,Security Fee,5.6,USD
INV006,TKT006,BKG006,TAX,ZP,Segment Tax,10.0,USD
INV006,TKT006,BKG006,TAX,XF,Passenger Facility Charge,9.0,USD
INV007,TKT007,BKG007,FARE,,Base Fare,420.0,USD
INV007,TKT007,BKG007,TAX,US,Transportation Tax,31.5,USD
INV007,TKT007,BKG007,TAX,AY,Security Fee,5.6,USD
INV007,TKT007,BKG007,TAX,ZP,Segment Tax,10.0,USD
INV007,TKT007,BKG007,TAX,XF,Passenger Facility Charge,9.0,USD
INV008,TKT008,BKG008,FARE,,Base Fare,420.0,USD
INV008,TKT008,BKG008,TAX,US,Transportation Tax,31.5,USD
INV008,TKT008,BKG008,TAX,AY,Security Fee,5.6,USD
INV008,TKT008,BKG008,TAX,ZP,Segment Tax,10.0,USD
INV008,TKT008,BKG008,TAX,XF,Passenger Facility Charge,9.0,USD
INV009,TKT009,BKG009,FARE,,Base Fare,420.0,USD
INV009,TKT009,BKG009,TAX,US,Transportation Tax,31.5,USD
INV009,TKT009,BKG009,TAX,AY,Security Fee,5.6,USD
INV009,TKT009,BKG009,TAX,ZP,Segment Tax,10.0,USD
INV009,TKT009,BKG009,TAX,XF,Passenger Facility Charge,9.0,USD
INV009,TKT009,BKG009,ANCILLARY,SEAT,Preferred Seat,35.0,USD
INV009,TKT009,BKG009,ANCILLARY,BAG,Checked Bag,40.0,USD
INV002,TKT002,BKG002,FARE,,Base Fare,420.0,USD
INV002,TKT002,BKG002,TAX,US,Transportation Tax,36.5,USD
INV002,TKT002,BKG002,TAX,AY,Security Fee,5.6,USD
INV002,TKT002,BKG002,TAX,ZP,Segment Tax,10.0,USD
INV002,TKT002,BKG002,TAX,XF,Passenger Facility Charge,9.0,USD
INV003N,TKT003N,BKG003,FARE,,New Fare,550.0,USD
INV003N,TKT003N,BKG003,TAX,US,Transportation Tax,32.0,USD
INV003N,TKT003N,BKG003,TAX,AY,Security Fee,6.0,USD
INV003N,TKT003N,BKG003,TAX,ZP,Segment Tax,12.0,USD
INV003N,TKT003N,BKG003,TAX,XF,Passenger Facility Charge,12.0,USD
INV003N,TKT003N,BKG003,FEE,EXCH,Exchange Service Fee,75.0,USD
INV004N,TKT004N,BKG004,FARE,,New Fare,550.0,USD
INV004N,TKT004N,BKG004,TAX,US,Transportation Tax,32.0,USD
INV004N,TKT004N,BKG004,TAX,AY,Security Fee,6.0,USD
INV004N,TKT004N,BKG004,TAX,ZP,Segment Tax,12.0,USD
INV004N,TKT004N,BKG004,TAX,XF,Passenger Facility Charge,12.0,USD
INV004N,TKT004N,BKG004,FEE,EXCH,Exchange Service Fee,75.0,USD
INV010,TKT010,BKG010,FARE,,Base Fare,420.0,EUR
INV010,TKT010,BKG010,TAX,XT,Combined Taxes,30.0,EUR
INV012,TKT012,BKG012,FARE,,Base Fare,420.0,USD
INV012,TKT012,BKG012,TAX,US,Transportation Tax,56.5,USD
INV012,TKT012,BKG012,TAX,AY,Security Fee,5.6,USD
INV012,TKT012,BKG012,TAX,ZP,Segment Tax,10.0,USD
INV012,TKT012,BKG012,TAX,XF,Passenger Facility Charge,9.0,USD
INV012B,TKT012,BKG012,FARE,,Base Fare,430.0,USD
INV012B,TKT012,BKG012,TAX,US,Transportation Tax,56.5,USD
INV012B,TKT012,BKG012,TAX,AY,Security Fee,5.6,USD
INV012B,TKT012,BKG012,TAX,ZP,Segment Tax,10.0,USD
INV012B,TKT012,BKG012,TAX,XF,Passenger Facility Charge,9.0,USD
